{
    "Linear Regression": {
        "R2": 0.8850327510769644,
        "MAE": 50999266.433324784,
        "RMSE": 95853893.63859367,
        "MAPE": 7.027927369124646
    },
    "Random Forest": {
        "R2": 0.9509948968940225,
        "MAE": 27008173.24075192,
        "RMSE": 62581121.667249314,
        "MAPE": 3.374138252035112
    },
    "DNN": {
        "R2": 0.9496543320435317,
        "MAE": 44292503.01477832,
        "RMSE": 63431319.0878392,
        "MAPE": 6.423254487836026
    }
}